{
    "students": [
        {
            "id": 1,
            "name": "Alice Johnson",
            "enrolled_course_ids": [
                101,
                103
            ]
        },
        {
            "id": 2,
            "name": "Bob Williams",
            "enrolled_course_ids": [
                102
            ]
        }
    ],
    "teachers": [
        {
            "id": 1,
            "name": "Dr. Evelyn Keys",
            "speciality": "Piano"
        },
        {
            "id": 2,
            "name": "Mr. David Fret",
            "speciality": "Guitar"
        }
    ],
    "courses": [
        {
            "id": 101,
            "name": "Beginner Piano",
            "instrument": "Piano",
            "teacher_id": 1,
            "enrolled_student_ids": [
                1
            ],
            "lessons": [
                {
                    "lesson_id": 1,
                    "day": "Monday",
                    "start_time": "16:00",
                    "room": "Room A"
                },
                {
                    "lesson_id": 2,
                    "day": "Wednesday",
                    "start_time": "16:00",
                    "room": "Room A"
                }
            ]
        },
        {
            "id": 102,
            "name": "Acoustic Guitar Fundamentals",
            "instrument": "Guitar",
            "teacher_id": 2,
            "enrolled_student_ids": [
                2
            ],
            "lessons": [
                {
                    "lesson_id": 3,
                    "day": "Tuesday",
                    "start_time": "17:00",
                    "room": "Room C"
                }
            ]
        },
        {
            "id": 103,
            "name": "Intermediate Piano",
            "instrument": "Piano",
            "teacher_id": 1,
            "enrolled_student_ids": [
                1
            ],
            "lessons": []
        }
    ],
    "attendance": [
        {
            "student_id": 1,
            "course_id": 101,
            "timestamp": "2025-07-14T15:58:30.123456"
        },
        {
            "student_id": 2,
            "course_id": 102,
            "timestamp": "2025-07-14T16:02:45.654321"
        }
    ]
}